job_id,AWS,Airflow,Azure,Docker,Excel,Git,Google Cloud,Hadoop,Jira,Kubernetes,Looker,Machine Learning,Power BI,Python,R,SQL,Snowflake,Spark,Statistics,Tableau
1,0,1,1,1,0,1,0,0,0,1,0,0,0,0,0,0,1,0,1,1
2,1,0,0,0,0,0,1,0,0,0,0,0,0,0,1,0,0,0,0,0
3,1,0,0,1,1,0,1,0,0,0,0,1,0,0,0,0,0,1,0,0
4,0,1,0,0,0,0,0,0,0,0,0,1,0,1,1,0,1,1,0,0
5,0,0,0,0,0,0,0,0,0,1,0,1,1,0,0,0,0,1,0,0
6,1,0,0,1,0,1,0,0,0,0,1,0,0,1,0,0,0,0,0,0
7,0,0,1,0,0,0,0,0,0,1,0,1,0,1,0,0,0,0,0,1
8,0,1,0,0,0,0,1,1,0,0,0,1,0,0,1,0,1,0,1,0
9,1,0,0,0,0,0,0,0,0,0,1,1,1,1,1,0,0,0,1,0
10,1,0,1,0,0,0,0,0,0,0,1,0,0,0,0,1,1,0,0,1
11,1,0,1,0,1,0,0,0,0,0,0,1,0,0,1,0,0,1,1,0
12,1,0,0,0,1,0,1,0,1,1,0,0,0,0,0,0,0,1,1,0
13,1,0,0,1,1,0,0,0,0,0,0,0,1,0,0,0,0,0,0,1
14,0,0,1,0,1,1,0,0,0,1,0,0,0,0,1,0,0,0,0,0
15,0,1,0,0,0,0,0,0,0,0,0,0,1,0,1,0,0,0,0,0
16,0,1,1,1,0,1,1,1,0,0,0,0,0,0,0,0,0,0,1,1
17,0,0,1,0,0,0,0,1,0,0,0,1,0,0,0,0,0,1,0,1
18,0,0,0,0,0,1,0,0,1,0,0,0,1,0,0,0,0,0,1,0
19,0,1,0,0,1,1,0,0,0,0,0,1,1,0,0,0,0,1,1,0
20,0,0,1,0,1,0,0,0,1,1,0,0,0,0,0,0,0,0,0,0
21,0,0,0,1,0,1,0,0,0,0,0,1,1,1,0,1,0,0,0,0
22,1,0,1,1,0,0,0,0,0,1,0,0,0,0,0,0,0,1,0,0
23,0,1,1,0,0,0,1,0,0,0,1,1,0,1,0,1,0,0,1,0
24,0,0,1,0,0,0,1,0,0,0,0,1,0,0,0,0,0,0,1,1
25,0,0,1,1,0,1,1,0,0,0,0,1,0,1,0,0,1,0,0,1
26,1,0,0,0,1,0,1,1,1,0,0,0,0,0,0,1,0,1,0,0
27,1,0,0,0,1,1,0,0,1,0,0,0,0,0,0,0,0,0,0,1
28,0,0,0,1,0,0,1,0,0,0,0,0,0,1,0,0,0,1,1,0
29,0,0,0,1,0,0,0,0,0,1,0,0,0,0,0,0,0,0,0,1
30,1,0,0,0,1,1,1,0,0,0,0,0,0,0,1,0,0,0,0,0
31,0,1,0,0,0,0,1,0,0,0,0,0,0,0,1,0,0,0,0,0
32,1,1,0,0,0,0,0,0,0,0,0,1,0,0,1,1,1,0,1,0
33,0,0,1,0,0,0,0,1,1,0,0,0,0,1,0,0,0,1,1,1
34,0,1,0,1,0,0,0,0,0,0,0,0,1,1,0,0,0,0,0,1
35,0,1,0,0,0,1,1,1,1,0,1,0,0,0,1,1,0,0,0,0
36,1,0,1,0,0,1,0,1,0,0,1,1,0,0,0,0,0,0,0,0
37,1,0,0,0,1,0,0,0,0,1,0,0,1,0,0,0,0,0,0,0
38,0,0,0,0,0,1,0,0,1,0,0,0,0,0,1,1,0,0,0,0
39,1,0,0,0,0,0,1,0,0,0,1,0,0,1,1,0,0,1,0,0
40,0,1,0,0,0,1,1,1,0,1,0,0,0,0,1,0,0,1,0,0
41,1,1,1,1,0,0,1,0,0,0,0,0,0,1,0,0,0,0,0,0
42,1,1,0,0,1,0,0,0,0,1,0,1,0,0,0,0,1,0,1,0
43,0,0,0,0,0,0,0,0,0,0,1,0,1,0,1,0,0,0,0,0
44,0,1,1,0,0,1,0,0,1,0,0,1,0,1,0,1,1,0,0,0
45,1,0,0,0,0,1,0,1,0,0,0,0,0,0,0,1,0,0,0,0
46,0,0,1,0,0,1,1,0,0,0,0,1,0,1,1,0,0,0,0,0
47,0,0,1,1,0,1,0,0,0,0,0,1,0,0,0,1,1,0,1,0
48,0,0,0,1,1,0,0,0,0,0,0,0,0,0,0,1,0,1,1,0
49,0,0,1,0,0,0,0,1,0,1,1,0,0,0,1,0,0,0,1,0
50,0,0,0,0,0,0,1,0,0,0,0,1,0,0,1,1,1,0,1,0
51,0,0,1,0,0,1,0,0,0,0,1,0,0,0,0,0,0,1,0,0
52,1,1,1,1,0,0,0,1,0,0,0,0,1,0,1,0,0,1,0,0
53,0,1,0,1,0,1,0,1,0,0,0,1,0,0,1,1,0,0,0,0
54,0,0,0,1,0,0,1,0,0,0,1,0,0,0,0,0,0,0,0,0
55,0,0,0,0,0,1,1,1,0,1,0,1,1,0,0,0,0,1,0,1
56,0,0,1,1,0,0,0,1,1,0,0,1,0,0,0,1,0,1,0,0
57,1,0,0,0,0,1,0,0,1,0,1,0,1,1,0,0,0,1,0,1
58,0,0,0,0,0,1,0,0,0,1,0,1,0,0,0,0,1,0,1,1
59,1,0,0,0,1,0,0,1,0,0,1,0,1,0,0,0,0,0,0,0
60,1,0,1,0,0,0,0,0,1,1,1,0,1,0,0,0,0,0,0,1
61,0,1,1,1,1,0,0,1,0,0,1,0,0,0,1,0,0,0,0,1
62,0,1,0,0,0,0,0,0,0,0,0,0,1,0,0,0,1,0,0,0
63,0,0,0,0,1,0,0,0,0,0,0,0,0,0,1,1,0,0,0,0
64,0,0,0,0,0,1,1,0,0,1,0,0,0,1,1,0,0,0,0,0
65,0,0,0,0,0,0,0,1,0,0,0,1,0,1,0,0,0,0,0,1
66,0,0,1,1,0,0,0,0,0,1,1,0,0,0,0,0,1,1,1,0
67,1,1,0,0,0,1,0,0,0,0,1,0,1,0,1,0,0,0,1,1
68,0,0,0,1,0,0,0,0,0,0,0,0,1,0,1,0,0,0,0,0
69,0,0,0,1,1,0,1,0,0,1,0,0,1,0,0,1,1,0,0,1
70,0,1,0,1,0,0,0,0,0,0,1,0,0,0,0,0,0,0,0,0
71,0,1,0,0,0,0,1,0,0,1,0,0,0,0,0,0,0,0,1,0
72,0,0,0,0,0,1,0,0,0,0,1,0,1,1,1,1,0,0,0,1
73,1,0,0,0,0,1,1,1,1,0,0,0,0,1,0,0,0,1,0,1
74,0,0,0,0,0,0,1,0,1,1,0,0,0,1,1,0,0,1,1,0
75,0,0,0,0,0,1,0,1,0,0,0,1,1,0,1,1,0,0,0,0
76,0,0,0,0,1,1,0,0,0,1,0,0,0,1,0,1,0,0,0,0
77,0,0,0,1,0,0,0,1,1,0,0,0,0,0,0,0,0,0,1,0
78,0,0,0,1,0,0,1,0,0,0,0,1,0,0,0,0,0,0,0,1
79,1,0,0,1,0,0,1,0,1,0,0,0,0,0,0,0,0,0,0,0
80,0,1,1,0,1,0,0,0,0,0,0,0,1,0,1,1,0,1,0,1
81,0,0,0,0,0,0,0,1,0,0,0,1,0,1,0,1,0,1,0,0
82,1,0,0,0,1,0,0,0,1,0,0,0,0,0,0,0,0,1,1,0
83,0,0,0,0,1,0,0,0,0,1,0,0,0,0,0,0,0,0,1,0
84,0,0,0,0,0,0,0,0,0,1,0,1,0,0,0,1,1,1,0,0
85,1,0,0,0,0,0,1,0,0,0,1,0,1,0,1,0,1,0,1,1
86,0,0,0,0,0,1,0,1,1,0,0,0,0,0,1,0,0,1,0,0
87,1,1,0,0,0,0,0,0,0,0,0,1,0,0,1,0,1,0,1,1
88,0,0,1,0,0,0,1,1,1,0,0,1,0,0,0,0,0,1,0,1
89,1,1,0,0,1,0,0,1,1,1,0,1,0,0,0,1,0,0,0,0
90,0,0,0,1,0,0,0,0,1,0,0,0,0,1,1,0,0,0,0,0
91,0,1,0,1,1,0,0,1,0,0,0,0,0,0,0,1,0,0,0,0
92,0,0,0,0,1,1,0,0,0,0,1,1,0,0,0,0,0,0,1,0
93,0,1,0,0,0,0,0,1,1,1,0,0,0,1,0,1,0,0,1,0
94,0,0,0,1,1,1,0,0,0,0,0,1,0,0,0,1,1,0,0,1
95,0,0,0,0,0,0,0,1,0,0,0,1,0,0,0,0,1,0,1,1
96,0,1,1,0,0,0,1,0,0,1,0,0,1,0,0,0,1,0,1,1
97,1,0,0,0,0,0,0,0,1,0,1,0,0,0,1,0,0,1,0,0
98,0,0,0,1,0,1,0,0,1,0,0,0,0,1,1,0,0,1,1,0
99,0,0,1,0,0,0,0,0,1,0,0,0,1,0,1,0,0,0,0,0
100,0,0,0,0,1,1,0,0,1,0,0,0,0,1,0,1,1,1,0,1
101,0,0,0,0,0,0,0,0,0,1,1,0,0,0,0,0,0,1,0,1
102,0,0,0,0,0,0,0,0,0,0,0,0,0,1,0,1,1,1,0,1
103,0,1,1,0,0,0,1,0,0,0,0,0,1,0,0,0,0,1,1,0
104,0,0,0,0,0,0,0,1,0,0,0,0,0,1,0,0,0,0,0,1
105,0,1,0,1,1,0,0,1,1,0,0,0,1,0,0,0,0,0,1,0
106,0,1,0,1,1,1,1,0,0,1,0,0,1,0,0,0,0,0,0,0
107,1,0,1,0,1,0,0,1,0,0,1,0,0,0,0,0,1,1,0,0
108,0,1,0,0,1,0,0,1,0,0,0,1,0,0,0,1,1,1,1,0
109,0,0,0,0,1,0,0,1,0,0,1,0,1,0,1,1,0,0,0,1
110,0,0,0,0,0,0,0,0,1,0,0,0,0,1,1,0,0,0,0,0
111,0,1,1,0,0,0,0,1,0,0,0,0,0,0,1,0,1,1,0,1
112,0,0,1,0,1,0,0,0,0,0,0,0,0,0,0,0,0,0,0,1
113,0,0,0,0,0,0,1,1,0,0,0,1,0,1,1,1,0,0,0,1
114,1,0,0,0,0,0,0,0,0,1,0,0,0,0,1,0,0,1,0,0
115,1,0,0,0,1,1,0,0,0,1,1,1,0,0,0,0,1,0,0,0
116,1,0,0,0,1,0,0,0,0,1,0,0,0,0,1,0,0,0,0,0
117,0,0,1,1,0,0,0,0,1,0,0,0,0,0,0,0,1,0,1,0
118,0,0,0,0,0,0,0,0,0,0,0,0,1,0,0,0,0,1,1,0
119,0,0,0,0,1,0,0,0,1,0,1,0,1,1,1,1,0,0,0,0
120,0,0,0,1,0,0,1,1,0,1,0,0,0,0,1,1,0,0,1,0
121,1,0,0,0,1,0,0,0,1,1,1,1,0,1,0,0,0,0,0,0
122,0,0,0,0,0,0,0,1,0,1,0,0,1,0,0,0,0,0,1,0
123,1,0,0,0,1,1,0,0,0,0,0,0,0,1,0,0,0,1,0,0
124,0,1,0,0,1,0,0,0,0,1,1,0,0,1,0,0,0,0,0,1
125,0,0,0,0,0,0,0,1,0,0,0,1,0,0,0,0,0,0,0,1
126,0,0,1,0,1,0,0,0,0,0,0,1,0,1,0,0,0,0,0,1
127,0,0,0,1,0,1,1,0,1,0,0,1,1,0,0,0,0,0,0,0
128,1,0,0,0,1,1,0,0,1,0,0,0,0,1,0,1,0,0,0,1
129,1,0,0,0,0,1,0,0,1,1,0,0,0,0,0,0,0,0,0,0
130,0,0,0,0,0,0,1,0,0,0,0,0,1,0,0,0,1,0,0,0
131,0,0,0,0,0,1,0,0,0,0,1,0,0,0,0,0,0,1,1,0
132,0,0,0,0,0,1,1,0,0,0,0,1,1,0,0,0,1,0,0,0
133,0,0,1,0,0,1,0,0,0,0,0,0,1,1,0,0,1,1,0,0
134,1,1,1,0,0,0,0,0,1,0,1,1,0,0,0,0,0,1,0,1
135,0,0,1,0,0,0,0,1,0,1,1,0,0,0,0,0,0,0,0,1
136,0,0,1,1,0,1,1,0,0,1,0,0,0,0,0,1,0,0,0,0
137,0,1,0,0,0,0,0,0,0,0,0,0,1,0,0,1,0,0,0,0
138,0,1,0,1,0,1,1,0,0,0,1,0,1,0,0,0,1,0,0,0
139,1,0,0,0,1,0,1,0,1,0,0,0,0,0,1,0,1,0,0,1
140,0,1,0,0,0,0,0,1,0,0,0,1,0,0,0,0,1,1,1,0
141,0,0,0,0,0,0,0,0,0,1,1,0,1,0,0,0,0,0,1,0
142,0,1,0,0,1,1,0,1,0,0,1,0,0,0,1,0,0,1,0,1
143,1,0,0,0,0,0,0,1,0,0,0,0,0,0,0,0,1,0,0,0
144,0,0,0,0,1,0,0,0,0,0,0,0,0,0,1,1,0,1,1,0
145,0,0,0,1,0,0,0,1,0,0,0,1,1,0,0,0,0,0,0,0
146,0,0,1,1,0,0,0,0,0,0,1,0,1,0,0,1,0,1,1,0
147,0,0,0,0,1,0,0,1,0,1,1,0,0,1,0,0,0,0,0,0
148,0,0,0,0,1,1,0,1,0,0,1,0,1,0,1,0,0,0,0,1
149,0,0,0,0,0,0,1,0,0,1,1,0,0,1,0,0,1,0,0,0
150,1,0,0,0,1,0,0,0,0,0,0,0,0,0,0,1,0,0,1,0
151,1,0,0,0,0,0,0,0,0,0,0,0,0,0,0,1,0,1,0,0
152,1,1,0,0,0,0,1,0,0,1,1,0,0,0,1,0,0,0,0,0
153,0,1,0,0,1,1,0,0,1,0,0,0,1,0,0,0,0,0,1,1
154,0,0,0,0,1,0,0,0,0,0,1,0,0,0,0,1,1,0,0,0
155,1,0,1,0,0,0,0,1,0,1,0,0,0,0,1,1,0,0,0,1
156,0,0,0,0,0,0,0,0,0,0,0,1,0,1,0,0,0,0,0,1
157,0,0,0,1,0,1,1,0,1,0,1,0,0,0,0,0,0,0,1,1
158,0,1,1,0,0,0,0,1,0,1,0,1,0,0,0,1,1,1,0,0
159,0,0,1,0,1,0,0,0,1,1,1,1,0,0,1,1,0,0,0,0
160,1,0,0,0,0,1,0,0,0,0,0,0,0,1,0,1,0,0,0,0
161,0,1,0,1,0,1,0,0,1,1,0,1,0,0,0,1,0,0,0,1
162,0,0,0,0,0,0,1,0,0,1,0,0,1,0,0,1,0,0,1,1
163,0,0,0,1,0,0,1,0,1,1,1,1,0,0,0,0,1,0,0,1
164,0,0,0,0,1,0,0,0,1,0,1,0,0,0,0,1,1,0,0,0
165,1,0,0,0,1,1,0,0,0,0,1,1,0,0,1,1,0,1,0,0
166,1,1,0,1,0,1,0,0,0,0,0,1,1,1,0,0,0,0,1,0
167,0,0,0,0,1,0,1,1,0,0,0,1,0,0,0,0,0,1,0,0
168,1,0,1,0,0,0,0,1,1,0,1,1,0,0,0,1,0,0,0,0
169,0,0,0,0,0,0,0,0,0,0,0,0,1,0,0,1,0,1,0,0
170,1,0,0,0,0,1,0,1,0,0,0,0,0,0,0,0,0,0,0,0
171,0,1,0,0,0,0,0,1,0,0,1,1,0,1,0,0,0,0,0,0
172,0,0,0,0,0,0,1,0,1,0,1,0,0,1,1,0,0,0,0,1
173,0,0,1,0,0,0,0,0,0,1,0,0,0,1,1,0,0,0,1,0
174,0,0,0,1,0,0,0,0,1,0,0,0,1,0,1,0,0,1,1,0
175,0,0,0,0,0,1,0,0,0,0,0,0,0,1,1,0,1,1,1,1
176,1,0,0,0,0,0,0,0,0,0,0,0,0,0,0,0,0,1,1,0
177,0,1,0,0,0,0,0,1,1,0,0,0,0,0,0,0,0,1,1,1
178,0,0,1,0,0,0,0,1,0,0,1,1,0,0,0,1,1,1,0,0
179,0,0,0,1,0,1,1,0,0,1,0,0,0,0,0,0,0,0,0,0
180,0,0,0,1,1,0,0,0,0,1,1,0,0,0,0,1,0,0,0,0
181,1,0,0,0,1,0,0,0,0,0,0,0,0,1,1,0,1,1,0,0
182,1,0,1,1,0,0,0,1,1,1,0,1,0,0,0,0,0,0,0,0
183,1,0,0,0,0,0,0,1,1,1,0,0,0,0,0,1,1,0,0,0
184,0,0,0,0,0,1,0,0,0,0,0,0,0,0,0,1,0,1,1,0
185,0,0,0,0,0,0,0,0,0,1,0,0,0,1,0,0,0,1,0,0
186,0,0,0,0,0,0,0,1,0,1,0,0,0,0,0,1,1,0,1,0
187,0,0,0,0,0,0,1,1,1,1,1,1,0,0,0,0,0,1,1,0
188,0,1,1,0,0,1,0,0,0,0,1,0,0,0,0,1,0,1,0,0
189,1,0,1,0,1,1,0,0,0,0,1,1,1,0,0,0,0,0,1,0
190,0,1,0,1,0,0,0,0,0,0,1,0,0,0,0,1,0,0,1,1
191,1,1,0,0,1,0,0,0,0,0,1,1,0,0,0,0,1,0,0,0
192,0,0,0,0,0,0,1,1,0,0,0,1,0,0,1,0,0,0,1,0
193,1,0,1,0,0,1,1,0,0,0,0,0,0,0,0,0,1,1,0,0
194,0,0,0,0,1,0,0,1,0,0,0,1,0,0,0,0,0,0,0,0
195,0,0,1,0,0,1,0,0,0,1,1,1,0,1,0,1,0,1,0,0
196,0,0,1,0,0,1,0,0,0,0,0,0,1,1,1,0,1,0,0,0
197,1,0,0,0,0,0,0,1,0,1,1,0,0,0,0,1,0,1,0,1
198,0,0,0,0,0,0,0,0,0,0,0,0,1,1,0,1,0,0,0,1
199,0,1,0,0,0,0,0,0,0,0,0,1,0,1,0,0,0,1,0,0
200,0,0,0,0,0,0,0,1,0,0,1,0,1,0,1,0,0,1,0,0
201,0,0,0,0,0,1,1,0,0,0,0,1,0,0,0,1,0,0,1,0
202,0,1,1,0,0,0,1,0,1,0,1,1,1,0,0,0,1,0,0,0
203,0,0,0,0,0,0,1,1,1,0,0,1,0,0,1,1,0,1,0,0
204,0,1,1,1,0,0,0,0,0,0,0,0,0,0,0,0,0,0,0,1
205,0,0,1,0,0,0,1,0,0,0,0,1,0,1,1,1,0,1,1,0
206,0,1,0,1,0,1,0,0,0,0,0,0,0,1,0,0,0,0,0,0
207,0,0,0,0,1,1,0,0,0,0,0,0,0,0,1,1,0,0,1,0
208,0,0,0,0,0,0,0,0,0,1,0,0,0,0,1,1,0,0,0,1
209,0,0,0,0,0,0,0,0,0,1,1,1,0,0,1,1,0,0,0,0
210,0,1,0,0,0,0,0,0,1,0,0,0,1,0,0,0,0,1,0,0
211,1,0,1,0,1,0,1,1,0,0,0,1,0,0,0,1,0,1,0,0
212,1,0,0,0,0,1,0,0,0,0,0,1,0,0,1,0,0,0,0,0
213,0,0,0,0,1,0,0,0,1,0,1,1,0,1,0,0,0,0,1,0
214,0,0,1,0,0,0,0,0,0,0,0,0,1,1,0,1,1,0,0,0
215,1,1,0,1,0,1,1,0,0,0,0,1,1,0,0,0,1,0,0,0
216,0,0,1,0,0,0,0,0,1,0,0,0,0,0,0,0,0,0,0,1
217,0,0,0,0,0,0,0,0,0,0,0,1,0,1,0,0,0,1,0,0
218,1,0,0,0,1,0,0,1,0,0,0,0,0,0,1,0,1,0,0,0
219,1,0,0,0,1,0,1,0,0,0,0,0,0,0,0,0,1,0,1,0
220,0,1,0,0,0,0,0,0,0,0,0,1,0,0,0,1,1,1,0,0
221,1,1,1,0,0,1,0,0,0,1,0,0,1,0,0,0,0,0,0,0
222,0,0,0,0,1,0,0,0,0,0,1,0,1,1,1,1,0,0,1,1
223,1,0,1,0,0,1,1,0,1,0,0,0,0,0,0,0,1,1,0,0
224,0,1,1,0,0,0,0,0,0,1,0,0,0,0,1,1,0,0,0,1
225,0,0,0,1,0,1,0,0,0,0,0,0,1,0,0,1,0,0,0,0
226,0,0,0,0,0,0,1,0,0,0,0,0,1,0,0,1,0,0,0,0
227,0,1,1,0,0,0,0,1,0,0,0,0,1,0,0,0,0,0,0,0
228,0,0,0,0,0,1,1,0,1,0,0,0,1,0,0,0,0,0,0,1
229,0,1,0,0,0,1,0,0,0,0,0,1,0,1,1,0,0,1,0,0
230,0,1,0,0,1,0,0,0,0,1,0,0,0,0,0,1,0,0,1,1
231,1,0,1,0,0,0,0,1,0,0,0,0,0,0,0,1,1,0,0,0
232,0,1,0,1,0,0,0,0,0,0,0,0,0,0,0,0,0,0,0,1
233,0,0,0,1,0,0,0,0,0,0,0,1,0,0,0,0,0,1,0,0
234,0,0,0,0,0,0,0,1,0,1,0,1,0,0,0,0,1,0,1,0
235,1,0,0,0,0,1,1,1,1,1,0,0,0,1,1,0,0,0,0,0
236,1,1,0,1,0,0,1,0,0,0,0,0,0,0,1,0,0,0,0,1
237,0,0,0,1,0,1,0,1,0,0,0,0,1,1,1,1,0,0,1,0
238,0,0,0,0,0,0,1,0,0,0,0,0,1,1,0,0,0,1,1,1
239,0,1,0,0,0,0,0,1,0,0,0,1,0,1,0,1,1,0,1,0
240,0,0,0,0,0,0,1,1,1,0,0,0,0,0,0,0,0,0,1,0
241,1,0,1,0,0,1,0,0,0,0,0,1,0,1,0,1,1,1,1,0
242,0,0,1,1,0,0,0,0,0,1,0,0,1,0,0,0,0,0,0,0
243,0,0,1,0,0,1,0,0,0,0,1,0,0,0,1,0,0,1,0,1
244,1,1,1,0,1,0,1,0,0,1,0,0,0,0,0,0,1,0,0,0
245,0,0,0,0,1,0,0,0,1,1,0,0,1,1,1,0,0,1,0,1
246,1,0,1,1,0,0,0,0,0,1,0,0,0,1,1,0,1,0,1,0
247,0,0,0,0,0,0,1,0,0,0,1,0,0,0,0,0,0,0,1,0
248,0,0,0,0,0,0,1,0,0,1,0,0,0,1,1,1,0,0,0,1
249,1,1,0,0,0,0,1,0,0,1,0,0,0,0,0,1,1,0,0,0
250,1,0,0,0,0,0,0,1,0,0,0,1,1,0,0,0,0,0,0,1
251,0,0,0,0,1,1,1,0,0,0,0,1,0,1,0,0,0,0,0,0
252,0,0,1,1,0,0,0,1,0,0,0,0,0,0,0,0,0,1,0,0
253,1,0,0,1,1,0,0,0,0,0,1,0,0,0,0,0,0,1,0,0
254,0,0,0,1,0,0,1,0,0,0,0,1,0,1,1,0,1,0,0,1
255,1,0,0,0,0,0,0,0,0,0,0,0,1,0,0,1,0,0,0,0
256,1,0,0,0,1,1,0,0,0,0,0,1,0,0,0,1,0,1,0,0
257,0,1,1,0,0,0,0,0,0,0,0,0,1,1,0,1,1,0,1,0
258,0,0,1,1,0,1,0,0,0,0,0,1,0,1,0,0,0,0,0,0
259,0,0,0,0,0,1,1,0,1,0,0,0,0,0,0,1,0,0,0,0
260,1,0,0,0,1,1,0,1,1,0,0,0,0,0,1,0,1,0,0,0
261,1,0,0,0,0,0,0,0,0,1,0,0,0,0,0,0,0,0,0,1
262,0,1,0,0,0,1,0,0,1,0,0,1,1,0,0,1,0,0,0,0
263,1,0,0,0,0,0,1,0,0,0,0,0,1,0,0,1,0,1,0,1
264,0,1,0,0,0,0,1,0,0,0,0,0,0,0,0,0,0,0,1,1
265,1,0,0,0,0,1,1,0,0,1,1,0,0,1,0,0,0,1,0,1
266,1,0,0,0,0,0,0,1,1,0,1,0,1,1,0,0,0,0,0,0
267,0,0,0,1,0,1,1,0,1,1,0,0,0,0,1,0,0,1,0,1
268,1,0,0,0,0,0,1,0,0,0,1,0,0,1,1,0,0,0,0,0
269,0,0,0,1,0,0,1,0,0,1,0,0,1,0,0,1,1,0,0,0
270,0,0,0,0,0,0,0,0,0,0,1,0,1,0,0,0,0,0,0,1
271,0,1,0,0,1,0,0,1,0,0,1,1,0,0,0,0,0,0,0,0
272,1,1,0,1,0,1,0,1,1,0,0,0,1,0,0,0,1,0,0,0
273,0,0,0,1,1,1,0,0,1,1,0,0,0,0,0,0,0,0,1,0
274,1,1,1,0,0,1,0,1,0,0,0,1,0,0,1,0,0,0,0,0
275,0,0,0,0,1,1,0,1,1,1,1,0,0,0,0,0,0,0,1,1
276,0,0,0,1,1,0,0,1,0,0,1,0,0,0,1,0,1,0,0,1
277,0,1,0,0,0,0,0,0,0,0,0,0,1,1,0,0,1,0,1,1
278,0,1,0,0,0,0,1,0,1,0,0,0,0,0,0,0,1,0,0,0
279,0,0,1,0,1,1,0,0,0,0,0,1,1,0,0,0,0,0,1,1
280,1,0,0,0,0,0,1,1,0,1,0,0,1,0,0,0,0,0,0,0
281,0,1,0,0,0,1,1,0,0,0,0,0,0,1,0,0,1,0,1,0
282,0,0,1,0,0,0,1,0,0,0,0,0,0,0,0,0,0,1,0,0
283,0,0,0,1,0,0,1,0,0,0,0,0,0,0,0,1,0,0,0,0
284,1,0,0,0,0,0,0,0,0,0,0,0,0,0,0,0,1,1,0,0
285,1,0,0,1,1,0,0,0,1,0,1,0,1,1,0,0,0,0,0,1
286,0,1,0,1,0,0,0,0,0,0,1,1,0,0,0,0,0,1,0,0
287,1,1,0,1,0,0,0,0,0,0,0,0,0,1,0,0,0,0,0,0
288,0,0,0,1,0,0,1,0,0,1,1,1,0,0,0,0,0,0,0,0
289,0,0,0,1,0,1,0,0,0,1,0,1,0,0,1,1,0,0,0,0
290,0,0,0,0,0,1,1,0,0,0,1,1,0,1,0,1,1,0,0,0
291,0,0,0,0,0,0,0,1,0,0,1,0,1,0,0,0,0,0,0,1
292,1,0,1,0,1,0,1,1,0,0,0,0,1,0,1,1,0,0,0,0
293,1,1,1,0,0,0,0,0,0,0,0,0,0,0,0,0,0,0,0,0
294,1,1,0,1,1,0,0,1,0,0,0,0,0,1,0,0,0,1,0,0
295,0,0,0,1,0,0,0,0,1,1,0,1,1,0,0,0,0,0,0,0
296,0,1,0,0,1,1,1,0,0,0,0,1,0,1,0,0,0,0,0,0
297,0,1,1,1,0,0,0,0,0,0,0,0,0,0,0,0,0,1,0,0
298,0,1,0,0,1,0,0,0,0,1,0,0,1,0,0,0,1,0,1,1
299,0,0,1,0,0,1,0,0,0,1,0,0,1,1,1,0,0,1,1,0
300,0,1,0,0,0,0,0,0,0,1,0,1,1,0,0,0,0,0,1,0
301,1,0,0,0,0,0,0,0,0,0,0,1,0,0,1,0,1,0,0,0
302,1,0,0,1,0,0,0,0,1,1,0,0,0,0,1,0,0,0,0,0
303,1,1,0,0,1,1,1,0,0,0,0,0,0,1,0,0,1,0,1,0
304,0,0,0,1,0,0,0,0,0,0,0,0,0,1,0,0,0,1,0,1
305,1,0,0,0,0,0,0,0,0,0,1,1,0,1,0,0,0,1,1,0
306,0,0,0,0,1,0,0,1,0,0,1,0,0,1,0,0,0,1,0,0
307,0,0,1,1,0,0,0,0,0,1,1,0,1,0,0,0,1,1,0,1
308,0,1,1,0,0,0,1,1,0,0,0,0,0,0,0,0,0,1,1,0
309,0,0,0,1,1,0,0,1,0,0,0,1,0,1,0,1,0,1,0,0
310,0,0,0,1,1,0,1,1,0,0,1,0,0,1,1,0,0,1,0,0
311,1,0,0,0,0,0,0,0,0,1,0,0,1,1,0,0,1,0,0,0
312,1,1,0,1,0,0,1,1,1,0,0,0,0,0,1,0,0,0,0,1
313,0,0,1,0,0,0,0,0,0,1,0,0,1,0,0,0,1,0,0,0
314,0,1,0,0,0,1,1,1,0,0,1,0,0,0,0,0,0,1,1,0
315,0,0,0,0,1,0,0,1,1,1,1,0,0,0,1,0,0,0,1,0
316,1,0,1,0,0,0,0,0,0,0,0,1,0,0,0,0,0,0,0,0
317,0,0,0,0,0,0,0,1,0,0,1,0,0,0,0,0,1,1,0,0
318,1,1,0,0,0,0,1,0,0,1,0,1,1,1,0,0,0,0,0,0
319,0,0,1,0,0,1,0,0,1,0,0,1,0,1,1,0,1,0,1,0
320,1,0,0,0,0,1,0,0,1,0,1,0,0,0,0,0,0,1,1,0
321,1,0,0,0,0,0,1,1,1,0,1,1,0,0,1,1,0,0,0,0
322,0,0,0,0,0,0,0,0,0,0,0,0,1,0,1,0,0,0,0,1
323,1,0,0,0,0,1,1,0,0,0,0,0,0,0,0,0,0,0,1,1
324,1,1,1,1,0,0,0,0,0,0,1,0,0,1,0,0,0,0,0,1
325,0,0,0,0,1,0,0,0,0,0,1,1,0,0,0,0,0,0,1,0
326,0,0,0,1,1,0,0,0,0,0,1,1,0,1,0,0,1,0,0,0
327,1,0,1,0,0,0,1,0,0,0,1,0,1,1,0,0,0,1,1,0
328,0,1,1,0,1,0,0,0,1,0,0,0,1,0,0,0,0,0,0,0
329,1,0,0,1,0,0,0,1,0,0,0,1,0,1,0,0,1,0,0,0
330,0,1,0,0,0,0,1,0,1,0,0,0,0,0,0,0,0,0,0,0
331,0,0,1,0,1,0,0,0,0,0,1,0,0,0,0,0,0,0,0,0
332,0,0,1,1,0,1,1,0,0,0,0,1,0,0,1,0,0,1,0,1
333,0,1,1,0,0,1,0,0,0,1,0,0,0,1,1,1,0,1,0,0
334,0,1,1,1,0,0,0,0,0,0,0,0,1,1,0,0,0,0,0,0
335,0,0,0,0,0,0,0,0,0,0,1,1,0,0,1,0,0,0,0,0
336,1,1,0,0,1,0,0,0,0,1,1,1,0,0,0,1,1,0,0,0
337,0,0,0,0,1,0,0,0,0,1,0,0,0,0,1,0,0,0,0,0
338,0,0,0,0,1,1,0,1,0,0,0,0,0,0,0,0,1,0,0,0
339,1,1,0,1,0,0,0,0,0,0,0,0,1,0,1,0,0,0,1,1
340,1,1,0,1,0,0,0,0,0,1,0,0,0,1,0,1,1,0,1,0
341,0,1,0,1,0,0,0,1,0,0,0,0,0,0,0,0,1,0,0,0
342,0,0,0,1,1,1,0,0,0,0,0,1,1,0,0,0,0,0,0,0
343,0,0,1,0,0,0,0,0,0,0,1,1,1,0,1,1,0,0,0,1
344,1,0,0,1,1,0,0,0,1,0,0,0,0,0,0,0,1,0,0,0
345,0,1,0,0,0,1,1,0,0,0,0,0,0,1,0,1,0,0,0,0
346,1,0,0,0,0,1,0,0,0,0,1,1,0,0,0,0,0,1,0,0
347,0,0,0,1,1,0,1,0,0,0,0,0,0,0,1,1,1,0,1,0
348,0,0,0,1,0,0,0,0,0,0,0,0,1,0,0,0,1,0,0,1
349,0,1,0,0,0,0,0,0,0,0,1,0,0,0,0,0,1,0,0,1
350,0,0,0,0,0,0,0,1,1,0,0,1,0,0,0,0,0,0,1,0
351,0,1,0,0,0,0,1,0,0,0,1,0,0,0,1,0,0,0,0,0
352,0,1,0,0,0,1,0,1,1,0,0,1,1,0,0,0,0,0,0,0
353,0,0,0,0,0,0,0,1,0,0,0,1,0,0,0,0,1,0,0,1
354,0,0,1,0,0,0,0,0,0,1,0,0,0,0,0,0,0,1,1,0
355,1,1,0,0,0,0,1,0,0,1,1,0,1,0,0,1,0,1,0,0
356,1,0,0,1,0,0,0,1,1,0,0,1,0,0,0,0,1,0,1,0
357,0,0,0,0,0,1,1,1,0,0,1,0,0,0,0,0,0,0,0,0
358,0,0,0,1,0,0,1,0,0,1,0,0,1,0,1,1,0,1,0,0
359,0,0,1,0,1,0,0,0,0,0,1,1,1,0,0,1,0,0,1,1
360,1,0,0,0,1,0,0,0,0,1,1,1,0,0,0,0,0,1,0,0
361,0,0,0,1,1,0,0,0,1,1,0,1,0,1,0,0,0,0,0,1
362,0,0,0,0,0,0,0,0,1,1,0,0,1,1,1,0,0,0,0,0
363,0,0,1,0,0,1,0,0,1,0,0,0,0,1,1,0,0,0,1,0
364,0,0,0,1,1,0,0,0,1,0,0,0,1,0,0,0,0,1,0,0
365,0,0,0,1,0,0,0,0,0,0,0,1,0,0,0,1,0,0,0,1
366,0,0,0,0,0,0,0,1,1,0,0,1,0,1,0,1,1,0,0,0
367,1,0,0,1,1,1,1,0,0,0,0,0,0,0,1,0,1,0,1,0
368,1,0,0,0,0,0,0,0,1,0,0,0,0,0,0,1,0,0,0,0
369,0,0,1,0,0,0,0,1,0,0,0,0,0,1,1,1,0,1,1,0
370,0,0,0,0,1,0,0,0,0,0,0,1,0,1,0,1,0,1,0,1
371,0,0,0,0,0,0,0,0,0,1,0,0,0,0,0,0,1,0,1,0
372,0,0,0,0,0,0,0,0,0,0,0,1,1,1,0,0,0,0,0,1
373,0,0,0,0,1,0,0,1,0,0,0,1,0,0,0,1,0,0,0,0
374,0,0,0,0,0,0,1,0,0,0,0,0,0,1,1,0,0,1,0,1
375,1,0,0,0,0,0,1,1,0,0,1,0,0,1,0,0,0,0,0,0
376,0,0,0,1,1,0,1,0,0,0,0,0,1,0,0,0,0,0,0,1
377,1,0,0,0,0,1,0,1,0,0,0,0,1,0,1,0,0,0,0,1
378,1,1,1,0,0,0,1,0,0,1,0,0,0,1,0,1,0,0,1,0
379,0,0,0,1,1,0,0,0,0,0,1,0,0,1,0,0,0,1,0,0
380,0,1,1,1,0,0,1,0,1,0,1,0,1,0,0,0,1,0,0,0
381,0,1,0,0,1,0,0,0,1,0,0,0,1,1,0,1,1,0,1,0
382,0,0,1,1,1,0,0,0,0,0,0,0,0,1,0,0,0,0,0,0
383,0,0,0,0,0,0,0,1,1,0,0,0,0,0,0,0,1,0,0,1
384,1,0,0,0,0,0,0,0,0,0,0,0,1,0,1,0,0,0,0,0
385,0,0,0,0,0,0,0,0,0,0,0,1,1,0,0,0,1,0,0,0
386,0,0,1,0,1,0,0,0,0,0,0,0,0,0,1,0,1,0,1,0
387,0,0,1,1,1,0,0,0,0,0,1,0,0,0,1,0,1,1,0,0
388,0,0,0,1,0,1,0,1,1,0,0,0,0,0,0,0,0,1,0,0
389,0,0,0,1,0,1,1,1,1,0,1,0,0,0,1,0,0,0,0,0
390,0,0,0,1,0,0,0,1,1,0,0,1,1,0,0,0,0,0,1,0
391,0,0,0,0,1,0,1,0,0,0,0,0,0,0,0,0,1,0,0,0
392,1,0,0,1,0,0,0,0,0,0,0,0,0,0,1,0,0,1,0,1
393,0,0,0,0,1,1,0,0,1,0,1,0,0,0,1,1,0,0,1,0
394,0,0,0,0,0,0,1,0,0,0,0,0,0,1,1,0,0,0,0,0
395,1,0,0,0,0,0,1,0,0,1,0,0,0,0,0,0,0,0,0,0
396,0,1,0,0,0,0,0,0,0,0,0,1,0,0,0,0,0,0,1,0
397,0,0,0,0,1,0,0,0,0,1,1,0,1,0,0,0,1,0,0,1
398,0,0,0,0,0,0,1,0,1,0,0,1,0,0,0,0,0,1,0,0
399,1,0,1,1,0,1,0,0,0,0,0,0,0,0,0,0,0,0,0,0
400,0,0,0,0,0,0,0,0,0,1,1,1,1,0,0,1,0,0,0,1
401,1,1,1,0,0,0,0,0,0,0,0,0,0,0,0,1,0,0,0,0
402,0,1,1,0,0,0,0,0,0,1,1,0,0,1,0,0,0,0,1,1
403,0,0,0,0,1,0,1,0,0,0,0,0,0,0,0,0,0,0,1,0
404,1,0,0,0,0,0,1,1,0,1,0,0,0,0,0,0,0,0,0,0
405,1,1,0,0,1,0,0,0,0,0,0,0,0,0,0,0,1,0,0,0
406,0,0,0,1,0,1,1,0,1,0,0,0,0,1,1,1,1,0,0,0
407,0,0,0,1,0,0,0,0,0,0,0,0,0,0,0,1,0,0,0,1
408,0,0,0,0,0,0,1,1,0,0,0,1,0,1,1,0,0,1,0,0
409,0,0,0,0,0,0,1,0,0,1,0,0,0,0,1,1,0,0,0,0
410,1,0,0,0,0,0,0,1,1,0,0,0,1,1,0,0,1,1,0,0
411,0,0,0,0,0,0,0,0,0,0,0,0,0,1,1,0,1,0,0,1
412,0,1,0,1,0,0,0,0,0,1,1,0,0,1,0,0,1,1,0,0
413,0,0,0,1,0,1,0,0,0,0,0,0,0,1,1,0,0,0,1,0
414,1,0,1,1,0,0,0,0,0,1,1,0,0,0,0,0,0,0,0,0
415,0,0,0,0,0,0,0,0,0,1,0,0,0,1,0,0,0,1,0,0
416,0,1,0,0,0,0,0,0,0,0,0,0,0,0,0,0,0,1,1,1
417,0,0,0,1,1,1,0,0,0,0,0,0,0,1,0,0,1,1,1,1
418,0,0,0,0,0,0,1,1,0,0,0,0,0,0,0,0,1,0,1,0
419,0,0,0,0,0,0,0,1,0,0,1,0,0,0,0,0,0,1,1,0
420,0,1,0,0,0,0,0,0,0,0,1,0,1,0,0,0,1,0,0,0
421,0,0,0,1,0,0,0,0,1,0,0,0,0,0,0,0,0,0,1,0
422,0,0,0,0,0,0,0,0,0,0,1,0,0,0,0,0,1,0,1,0
423,0,0,1,1,0,0,1,0,0,0,0,0,1,0,1,1,0,0,0,0
424,0,0,1,0,1,1,0,0,0,0,0,0,1,0,0,1,0,0,0,0
425,0,1,0,1,0,1,0,0,1,0,1,0,0,1,0,0,0,0,0,0
426,0,0,1,0,0,0,1,0,1,0,1,1,1,0,0,0,1,0,1,0
427,1,0,1,0,1,0,1,0,1,0,0,1,1,0,0,1,0,0,1,0
428,0,0,0,0,0,0,0,0,0,1,0,0,0,0,0,1,0,1,0,0
429,0,0,1,0,0,0,0,0,1,0,0,1,0,1,1,0,0,0,0,0
430,0,0,0,0,1,1,0,0,1,0,1,0,0,0,0,1,0,1,1,0
431,0,0,0,1,0,0,0,0,1,0,0,0,1,0,0,0,1,0,0,1
432,0,1,0,0,0,0,0,1,0,1,1,0,0,1,0,0,0,0,1,1
433,0,0,0,1,1,0,1,0,0,0,0,0,0,1,1,1,1,0,0,1
434,0,0,0,0,0,0,0,0,1,0,0,0,0,0,0,0,0,1,1,0
435,0,0,0,1,0,0,0,0,0,0,0,1,1,1,1,0,1,1,0,0
436,0,1,0,0,0,0,1,0,0,0,0,0,1,0,0,0,0,0,0,0
437,0,1,0,1,0,0,0,0,1,0,0,1,0,0,1,0,0,0,0,0
438,1,0,1,0,0,1,1,0,0,1,1,0,0,0,0,1,0,0,0,1
439,0,0,0,1,0,0,0,0,0,0,0,0,0,0,0,0,1,1,0,1
440,0,0,0,1,1,0,0,0,0,0,1,1,0,0,0,0,0,1,0,1
441,1,0,0,1,0,0,0,0,1,0,1,1,0,0,0,1,0,1,0,1
442,1,0,0,1,0,1,0,0,0,1,0,1,0,0,0,1,1,0,0,0
443,0,0,0,1,0,0,0,0,0,0,0,1,0,1,0,0,1,0,1,0
444,1,0,0,1,0,0,0,1,0,0,0,0,0,0,0,0,0,1,0,0
445,0,0,0,1,0,1,1,0,1,0,0,1,1,1,0,1,0,0,0,0
446,0,0,1,0,1,0,0,0,1,0,1,0,0,0,1,1,0,0,0,1
447,0,0,1,0,0,1,0,0,0,1,1,1,0,0,0,0,0,0,0,0
448,0,0,0,1,1,0,0,0,0,0,0,0,1,0,0,0,0,0,0,0
449,0,0,1,0,0,0,1,0,0,0,0,0,1,0,0,0,0,1,0,0
450,0,0,0,0,0,0,1,0,1,1,1,1,0,0,0,0,1,0,1,0
451,0,0,0,1,0,1,0,0,0,0,0,0,0,0,0,0,0,1,0,0
452,0,0,1,1,1,0,0,0,1,0,0,1,0,1,1,0,0,0,1,0
453,1,0,0,0,0,1,0,0,0,0,1,0,0,0,0,0,1,0,0,1
454,1,0,0,0,1,0,0,1,0,0,0,0,0,0,0,1,0,1,1,0
455,0,0,1,0,0,0,0,1,0,1,0,0,0,0,1,0,0,0,0,0
456,0,1,0,0,0,0,0,0,0,0,0,0,0,0,0,0,1,0,1,0
457,1,1,1,1,0,1,1,0,0,0,0,0,0,1,0,0,0,0,0,0
458,0,1,0,0,0,0,0,0,0,0,0,1,0,0,0,1,1,1,1,0
459,0,0,0,0,0,1,1,1,0,1,0,0,0,0,0,0,0,0,0,0
460,0,0,0,0,0,1,0,0,0,0,0,1,1,1,0,0,0,0,0,1
461,0,1,1,0,0,1,0,0,0,0,0,0,0,0,0,0,0,0,0,0
462,0,0,0,1,1,0,0,1,1,0,0,0,0,1,0,0,1,0,0,0
463,0,1,0,1,0,1,1,1,0,0,0,1,0,0,0,0,0,1,0,0
464,0,1,1,0,1,0,0,0,1,0,1,0,1,0,0,1,0,0,0,0
465,1,0,1,1,1,0,0,0,0,0,0,0,1,1,0,0,0,0,1,0
466,0,0,1,1,0,1,1,1,0,0,0,1,0,0,1,1,0,0,1,0
467,0,0,1,0,0,1,0,0,0,0,0,1,1,1,0,0,0,0,0,1
468,0,0,0,0,1,0,0,0,0,1,0,0,0,0,0,0,0,0,0,1
469,1,0,0,1,1,0,0,1,0,0,0,1,0,0,1,0,0,0,1,1
470,1,1,0,0,0,0,1,1,0,0,0,0,0,0,0,1,0,1,0,0
471,1,1,0,1,1,1,0,0,0,1,0,0,1,0,0,0,1,0,0,0
472,0,0,0,1,0,1,1,0,1,0,1,0,0,1,0,0,1,0,1,0
473,0,1,0,1,1,0,0,1,0,0,0,0,0,0,0,0,0,1,0,0
474,1,0,1,0,1,1,0,0,0,0,0,0,0,0,0,0,0,0,0,0
475,1,0,0,0,1,0,0,1,0,1,0,1,0,1,1,0,0,0,0,0
476,1,0,0,1,1,0,0,1,0,0,0,0,1,0,0,0,1,1,1,0
477,0,1,1,0,0,0,0,1,0,0,0,0,1,0,1,0,0,1,0,0
478,0,1,0,1,1,0,0,1,0,0,0,1,1,0,0,0,0,1,0,1
479,0,0,0,0,0,0,0,0,1,0,1,0,0,1,0,1,0,0,0,0
480,0,1,0,1,0,1,0,0,1,0,0,1,0,0,0,1,1,1,0,0
481,0,0,0,0,0,1,0,0,0,1,0,0,0,0,0,0,0,1,0,0
482,0,0,0,0,0,0,1,0,1,0,0,0,1,1,1,0,0,0,0,0
483,1,1,1,1,0,1,0,0,0,0,0,1,0,1,0,0,1,0,0,0
484,1,1,0,0,0,0,1,0,1,0,0,0,0,0,1,0,1,0,0,0
485,0,0,0,0,0,0,0,0,0,0,1,0,1,0,0,0,0,0,1,0
486,0,0,0,0,0,0,0,0,1,1,0,0,0,1,0,1,0,0,0,1
487,1,1,1,0,1,1,0,0,0,1,0,0,0,0,1,0,0,0,1,0
488,0,0,0,0,0,0,0,1,1,0,0,1,0,0,0,0,1,1,0,1
489,1,1,0,0,0,0,0,0,0,0,1,0,0,1,1,0,0,1,0,0
490,0,0,0,0,1,0,1,1,0,1,0,1,1,0,0,1,0,1,0,0
491,0,0,0,0,0,1,0,0,0,0,1,0,0,0,0,0,1,1,0,1
492,0,1,0,1,0,0,1,0,0,0,0,0,0,0,1,1,1,0,1,0
493,0,0,0,1,1,0,1,1,0,0,0,0,0,0,0,0,0,1,1,0
494,1,1,0,0,1,1,0,1,0,0,1,0,0,0,0,0,0,1,0,0
495,0,1,0,0,0,1,0,0,0,1,1,0,0,0,0,0,1,1,1,1
496,1,0,1,0,0,0,0,1,0,0,1,1,0,0,0,1,1,0,0,0
497,0,1,0,0,0,1,0,1,0,1,0,0,0,0,0,0,0,0,0,0
498,0,0,0,0,0,0,0,0,0,0,1,1,0,0,1,0,0,0,0,0
499,0,1,1,0,0,1,0,0,0,0,1,1,0,0,0,0,1,0,0,1
500,0,0,0,1,0,1,1,1,0,0,0,0,0,0,0,0,0,0,0,0
501,1,0,0,1,0,1,0,0,1,1,1,0,0,1,0,0,0,1,0,0
502,1,0,0,0,1,0,1,0,0,0,0,0,1,1,0,0,0,0,0,0
503,0,1,0,1,0,0,0,1,1,0,1,0,0,0,0,1,0,1,0,0
504,1,0,0,0,0,0,0,0,0,1,1,0,1,0,0,1,0,0,0,0
505,0,0,1,0,1,0,0,1,0,1,0,1,0,1,0,0,0,0,0,0
506,0,1,1,0,0,0,1,0,1,0,0,0,1,1,0,0,0,0,1,1
507,0,0,0,0,0,1,1,1,0,0,0,1,0,0,1,1,0,0,0,0
508,0,1,0,0,0,1,0,0,0,1,1,0,1,0,0,0,0,0,0,0
509,1,1,0,0,0,0,1,0,0,1,0,0,0,1,1,0,1,0,0,0
510,0,0,1,0,1,0,1,1,1,0,1,1,0,0,0,0,0,0,0,0
511,0,0,1,0,0,0,1,1,1,0,0,0,1,1,0,1,1,0,0,0
512,1,0,0,1,0,0,0,0,1,1,0,0,0,0,0,0,0,0,0,0
513,0,1,1,0,0,0,0,0,0,0,0,0,0,1,1,0,1,1,0,0
514,0,0,0,1,1,0,1,0,1,0,0,0,0,1,0,0,0,0,0,0
515,1,0,1,0,0,1,0,0,0,0,0,0,0,0,0,0,0,0,0,0
516,1,1,0,1,0,1,0,0,1,0,0,0,1,0,0,0,0,0,0,1
517,0,0,0,0,0,0,0,0,1,1,0,0,0,0,0,0,0,0,0,1
518,0,1,0,0,0,0,0,0,0,0,0,0,0,0,0,0,1,1,0,0
519,0,0,1,1,1,0,0,1,0,0,0,0,0,0,1,1,1,0,0,0
520,1,0,0,0,0,1,1,1,0,0,0,0,1,1,0,0,0,1,0,0
521,1,1,0,1,0,1,0,0,1,0,1,0,1,0,0,0,0,1,0,0
522,0,1,0,1,0,0,0,0,0,0,0,1,0,0,0,0,0,0,0,1
523,1,1,1,0,0,0,1,0,1,0,0,0,0,0,0,0,0,0,1,0
524,0,1,0,0,1,0,0,0,1,0,0,0,0,0,1,1,1,1,0,0
525,0,0,0,0,0,1,0,0,0,0,1,1,0,1,0,1,0,0,0,1
526,0,0,1,0,0,0,1,0,0,0,1,0,0,0,1,1,0,1,0,0
527,1,1,0,0,0,1,1,0,1,0,0,0,1,1,0,0,0,1,0,0
528,0,0,0,0,0,1,0,1,0,0,0,0,0,0,0,0,1,0,0,0
529,1,1,1,0,1,1,0,0,0,0,0,0,1,0,1,0,0,1,0,0
530,1,0,0,1,0,0,0,0,0,1,0,0,0,0,0,0,1,0,0,0
531,0,1,0,0,1,0,1,1,0,0,0,0,0,0,0,0,1,1,0,0
532,0,0,0,0,0,1,0,0,0,1,0,1,0,1,0,1,1,0,0,0
533,0,0,0,1,0,0,0,0,0,0,1,1,0,0,0,1,0,0,0,0
534,0,0,0,1,0,1,1,0,1,0,1,1,0,0,1,0,0,0,0,1
535,0,0,0,1,0,0,0,0,0,0,0,0,0,0,1,0,0,1,0,0
536,1,0,0,0,0,1,0,0,0,0,0,0,1,0,0,0,0,0,1,0
537,1,0,0,0,0,0,0,0,0,0,0,1,1,0,0,0,0,0,0,0
538,1,1,0,1,1,0,1,0,0,0,0,0,0,0,0,1,1,1,0,0
539,1,0,0,1,0,0,1,0,0,0,1,1,1,0,1,0,0,0,0,1
540,1,0,0,1,0,0,0,1,0,1,0,0,0,1,0,0,1,0,1,1
541,0,0,0,0,0,1,1,0,0,1,1,0,1,1,0,1,0,0,0,1
542,0,0,0,0,0,1,0,1,0,0,0,0,0,1,0,0,0,1,0,0
543,1,0,0,0,0,0,1,1,1,1,0,0,0,0,0,0,0,0,0,0
544,0,0,1,0,0,0,0,1,0,0,0,1,0,0,1,0,1,0,0,0
545,0,1,0,1,0,0,0,0,1,0,0,0,0,1,1,0,0,0,1,1
546,0,1,0,0,0,1,1,1,0,1,0,0,1,0,1,1,0,0,0,0
547,0,0,0,1,0,0,0,0,0,0,0,1,0,1,0,0,0,1,1,0
548,0,0,0,1,1,0,0,0,0,0,0,0,1,0,0,0,0,1,0,0
549,0,1,0,0,0,0,0,0,0,0,0,0,0,0,1,0,1,0,0,0
550,0,0,0,1,0,0,0,0,0,0,1,0,0,0,1,0,1,0,0,0
551,0,0,0,0,0,0,0,1,0,0,0,1,1,0,0,0,0,0,0,0
552,0,0,1,0,0,0,0,0,1,1,0,0,1,0,1,0,1,0,0,0
553,1,0,0,0,0,0,1,1,0,0,0,0,0,0,1,0,0,0,0,0
554,1,0,0,0,0,0,0,1,1,0,1,0,0,1,1,1,0,0,0,0
555,1,1,0,1,0,0,0,1,1,0,0,0,0,0,1,0,0,0,1,1
556,0,1,1,0,0,1,0,0,1,0,1,0,0,0,0,1,1,0,0,1
557,1,0,0,0,0,1,0,1,0,0,0,1,0,0,0,0,0,0,0,0
558,0,0,1,1,0,0,0,0,0,0,0,1,0,1,0,1,0,0,0,1
559,1,0,0,0,0,0,0,0,0,0,1,0,0,0,0,1,0,0,0,0
560,0,0,0,0,0,1,0,1,0,0,1,0,1,0,0,0,0,0,0,0
561,0,1,0,0,0,0,0,0,0,0,0,0,1,1,0,1,0,0,0,0
562,0,0,0,0,1,1,0,1,0,0,0,0,0,0,0,1,0,0,0,0
563,0,0,1,0,0,0,0,0,0,1,0,0,0,0,0,0,0,1,1,0
564,0,1,1,0,1,0,0,0,0,0,0,0,0,1,1,0,0,0,1,0
565,0,0,0,0,1,0,0,0,0,0,0,0,0,0,0,1,0,0,0,1
566,0,0,0,0,1,0,1,0,0,1,1,0,0,0,1,0,0,0,0,0
567,0,0,1,0,0,0,1,0,1,0,0,0,0,1,0,0,0,1,0,0
568,1,0,0,0,0,0,0,1,0,0,0,0,0,0,0,1,0,1,0,1
569,0,1,1,1,1,1,0,1,0,0,0,0,1,0,0,0,0,0,0,1
570,1,0,0,0,0,1,0,0,0,0,0,0,0,0,0,1,1,0,0,0
571,1,0,0,0,0,0,0,0,1,0,0,0,0,1,0,0,1,0,0,0
572,0,0,1,0,1,0,1,0,0,0,0,0,1,0,0,0,1,1,1,0
573,0,1,0,0,1,0,1,1,0,1,0,0,0,0,0,0,1,0,1,1
574,0,0,1,0,0,0,1,0,1,0,0,1,0,0,0,1,0,0,0,0
575,1,0,0,0,1,0,0,1,0,1,1,0,0,1,0,0,1,0,1,0
576,0,0,0,1,0,0,0,0,1,0,0,0,0,0,0,1,1,0,0,0
577,0,0,0,1,0,0,0,0,0,1,0,0,0,1,0,0,0,0,1,1
578,0,1,0,0,1,0,0,0,0,0,0,1,0,0,1,1,0,1,1,1
579,0,1,1,0,1,1,0,0,1,0,1,1,0,0,0,0,0,0,0,0
580,1,0,0,1,0,0,0,0,1,0,0,1,0,0,0,0,0,0,0,0
581,0,0,0,0,0,0,0,0,1,0,1,0,0,1,0,1,1,1,0,0
582,0,0,1,0,0,0,0,0,1,0,1,0,0,1,1,0,0,0,0,0
583,0,1,0,1,0,1,0,0,0,0,0,0,0,0,1,0,0,0,0,0
584,0,1,0,1,1,1,0,0,0,0,0,1,1,0,0,0,0,0,1,0
585,0,0,1,0,1,1,0,1,0,0,0,0,0,0,0,0,0,0,0,0
586,1,0,0,0,0,0,0,0,0,0,0,1,0,0,0,0,1,0,0,1
587,0,0,0,1,1,0,0,0,0,0,0,0,0,0,0,0,0,0,0,1
588,0,0,0,0,0,0,0,0,0,0,1,0,1,0,1,0,0,1,0,0
589,0,0,0,0,0,0,0,1,0,0,1,0,0,1,0,0,0,0,1,0
590,0,0,0,0,0,0,0,0,0,1,0,1,0,0,0,0,0,0,0,1
591,0,0,0,0,0,1,0,0,1,1,0,1,0,1,1,0,1,0,1,0
592,0,1,0,1,0,0,1,0,0,0,0,0,0,0,0,0,0,0,0,0
593,0,0,1,0,0,1,1,0,0,0,1,0,1,1,1,0,0,0,1,0
594,0,1,0,0,0,0,0,0,0,1,0,0,0,0,1,0,1,0,1,0
595,0,0,0,0,0,0,0,1,1,0,0,0,0,1,0,0,0,0,0,0
596,0,1,0,0,0,0,1,0,0,0,1,1,0,0,1,0,1,1,0,1
597,0,1,0,0,1,0,1,1,1,1,1,0,0,0,0,0,1,0,0,0
598,0,0,1,0,0,0,0,0,1,0,0,0,0,1,0,0,0,0,0,0
599,0,0,0,0,0,1,0,1,0,1,1,0,0,0,0,1,1,1,0,1
600,1,0,0,0,0,0,0,0,0,0,1,0,0,1,0,0,1,1,1,0
601,0,0,0,0,1,0,0,1,0,0,0,0,1,1,1,0,0,0,0,0
602,0,0,0,0,0,0,0,1,0,0,0,1,0,0,0,0,1,0,0,0
603,1,0,0,0,0,1,0,0,0,1,1,0,1,0,1,0,1,0,0,0
604,0,0,0,1,0,0,0,0,0,0,0,0,0,1,1,0,0,0,0,0
605,0,0,1,0,1,0,1,0,1,0,1,0,1,0,1,1,0,0,0,0
606,0,1,0,0,0,1,0,1,0,0,1,0,0,0,0,0,0,0,1,0
607,0,0,0,0,0,0,1,1,0,0,1,0,0,0,0,0,0,0,0,0
608,0,0,0,0,0,0,0,1,0,0,0,1,0,0,0,0,0,0,0,1
609,0,0,0,0,1,0,0,1,0,0,0,0,1,0,1,0,0,0,1,0
610,0,0,0,1,1,1,0,0,0,0,0,1,1,0,0,0,0,0,1,0
611,0,1,1,0,1,1,0,0,1,0,0,0,0,0,0,1,0,0,0,1
612,0,1,0,0,0,0,0,1,1,0,0,0,0,1,0,0,1,0,0,0
613,0,1,0,0,0,1,1,1,1,1,0,0,0,1,0,0,0,0,0,0
614,0,0,1,0,0,0,0,0,0,0,0,1,1,0,0,0,0,1,0,0
615,1,0,0,0,0,1,0,0,0,0,0,1,1,1,0,0,1,1,1,0
616,0,1,0,1,0,0,0,0,1,0,0,1,1,0,0,0,1,0,0,0
617,0,0,0,0,0,0,1,0,0,0,1,0,0,0,1,1,0,0,0,0
618,0,0,0,0,0,1,1,0,1,0,1,1,1,0,1,0,0,1,0,0
619,1,0,0,0,0,0,1,0,1,1,0,0,0,0,0,0,0,1,1,1
620,0,0,0,0,1,0,1,0,0,0,0,1,0,0,0,1,1,0,0,1
621,0,0,1,0,0,1,0,0,0,1,0,1,1,0,0,1,0,0,0,0
622,0,0,1,0,0,0,0,0,0,0,0,0,0,0,1,0,0,1,0,1
623,0,1,0,0,1,0,1,1,1,0,0,1,1,0,0,0,0,0,0,0
624,1,0,0,0,0,0,1,0,0,0,0,0,0,1,0,0,0,0,0,1
625,0,0,0,0,1,0,0,0,1,0,0,0,0,1,0,0,0,0,0,0
626,0,0,1,1,0,1,0,0,0,1,0,0,0,1,1,0,0,0,0,0
627,1,0,0,0,1,1,0,0,1,0,0,0,1,0,0,0,1,1,1,0
628,0,0,0,1,0,0,0,0,0,0,1,0,0,1,1,0,0,1,1,1
629,0,0,0,1,0,0,0,1,0,0,0,0,0,0,1,0,0,0,0,0
630,1,1,1,0,0,0,1,0,0,0,0,1,0,0,1,0,0,0,1,1
631,1,0,0,1,0,1,1,0,1,0,0,0,1,0,0,0,0,0,1,1
632,0,0,0,0,1,0,0,1,0,1,0,0,0,1,0,1,0,1,0,1
633,0,0,0,1,0,1,1,0,0,0,0,1,0,0,1,1,1,0,0,1
634,1,0,0,0,0,0,0,0,0,0,1,1,0,0,0,0,1,0,0,0
635,0,0,0,1,1,0,0,0,1,1,0,0,0,0,1,0,1,0,1,0
636,1,0,0,1,0,1,0,0,0,1,1,0,0,0,0,0,0,0,0,1
637,0,0,1,0,1,1,1,0,1,0,0,0,0,1,1,0,0,0,0,1
638,0,1,1,1,1,0,0,0,0,0,0,1,0,0,0,0,1,0,1,0
639,0,0,1,0,1,1,1,1,0,0,0,0,0,0,0,0,0,0,1,0
640,1,1,0,0,0,0,0,0,1,0,0,0,0,0,0,0,1,0,0,0
641,0,0,1,0,0,0,1,0,1,0,0,1,0,0,0,0,0,1,0,0
642,1,1,0,0,0,1,0,0,0,0,0,0,1,0,1,0,0,0,1,0
643,0,1,0,0,1,0,0,0,1,1,1,0,1,0,0,1,0,0,0,1
644,0,0,0,1,0,0,1,0,0,0,0,0,1,0,0,0,0,0,0,0
645,0,0,1,0,0,0,0,0,0,0,1,1,0,0,0,0,0,1,0,1
646,1,0,0,0,0,0,0,0,1,0,0,0,0,0,0,0,1,0,1,0
647,0,0,1,1,0,0,0,0,1,0,0,0,1,0,1,1,0,1,0,0
648,0,0,0,0,1,0,0,0,1,0,0,0,0,0,1,0,0,0,1,0
649,1,0,0,1,0,1,0,0,0,0,1,1,1,0,0,0,0,1,0,1
650,0,0,0,0,1,0,0,0,0,0,0,0,0,0,0,1,0,0,1,0
651,1,0,0,0,0,1,0,0,0,0,0,0,0,0,0,0,1,0,0,1
652,0,1,0,0,0,0,0,0,1,0,0,0,1,1,0,1,1,0,0,1
653,1,1,0,0,0,1,1,0,0,0,0,0,1,0,0,1,0,0,1,0
654,0,0,0,0,0,1,0,0,1,0,0,1,1,0,0,1,1,0,1,0
655,0,0,1,0,0,1,1,0,0,0,0,0,0,0,0,0,0,1,1,0
656,1,1,0,0,1,0,0,0,1,1,0,0,1,0,0,0,0,1,1,0
657,0,0,0,0,0,1,1,1,0,0,0,0,0,1,0,1,0,0,0,1
658,1,1,0,1,1,0,0,0,0,1,0,1,0,0,1,0,0,0,1,0
659,0,0,0,0,0,0,0,0,0,0,1,0,0,1,0,0,0,0,1,0
660,0,0,0,0,0,0,1,0,0,0,1,0,1,0,1,1,0,0,1,0
661,0,1,0,0,0,0,0,0,0,1,0,1,1,1,0,0,0,0,0,0
662,1,0,0,0,1,0,1,1,0,1,0,1,0,0,0,1,0,0,0,1
663,0,0,0,0,0,0,1,0,0,1,0,0,0,1,0,0,1,0,1,0
664,1,0,0,0,1,0,0,0,0,0,1,0,0,0,0,0,0,0,1,0
665,1,0,0,1,1,0,1,0,0,0,0,1,0,0,0,1,0,0,1,0
666,0,0,0,1,0,0,0,0,1,0,0,0,1,0,0,0,0,0,0,0
667,0,1,0,1,0,0,0,0,0,1,1,0,1,0,1,0,1,0,0,0
668,0,1,0,0,0,0,0,0,0,0,1,0,1,0,0,0,0,0,0,0
669,0,0,1,1,1,0,0,0,0,0,0,0,1,1,0,0,0,0,0,0
670,1,0,0,0,1,1,0,0,0,0,0,0,1,0,1,1,0,1,1,0
671,1,0,0,0,0,1,0,0,0,0,0,0,0,1,0,0,0,0,0,0
672,0,0,0,0,0,0,1,0,1,0,0,0,0,1,1,0,1,0,0,0
673,0,0,1,0,0,0,0,0,0,0,1,0,1,0,0,0,0,0,0,0
674,0,0,1,0,1,1,0,0,0,0,0,1,1,0,0,0,1,0,0,0
675,0,1,0,0,0,0,0,1,0,1,0,0,0,0,0,0,0,0,0,0
676,0,0,0,1,0,0,0,0,1,0,1,1,1,0,0,0,0,1,0,0
677,1,0,0,0,0,0,0,0,0,0,1,0,0,0,0,0,1,0,0,0
678,0,0,0,1,0,0,0,0,0,1,1,0,1,0,0,0,1,0,0,0
679,0,1,0,0,1,0,0,0,0,0,0,0,0,0,1,1,1,0,0,0
680,1,0,0,0,0,1,0,0,0,0,0,0,0,0,0,0,0,1,0,0
681,0,1,1,0,0,0,0,0,1,0,0,0,1,0,0,1,0,0,1,1
682,0,0,0,0,0,0,1,0,0,1,1,0,0,0,1,1,0,1,0,0
683,0,0,0,0,0,1,0,1,0,1,0,0,0,0,0,0,1,1,0,1
684,0,0,0,0,1,1,1,0,1,0,1,0,0,0,0,0,0,1,0,0
685,1,1,0,0,0,0,0,1,0,0,0,0,0,0,0,1,0,1,0,0
686,0,0,0,1,0,1,0,1,0,1,0,0,0,1,1,1,0,1,0,0
687,1,1,0,0,0,0,0,1,0,0,0,1,0,0,0,0,0,1,0,0
688,0,0,0,0,0,1,0,1,1,0,0,1,0,1,1,1,1,0,0,0
689,1,1,0,0,1,1,0,0,0,0,0,0,0,0,0,0,0,0,0,0
690,0,0,0,1,0,0,1,0,0,0,0,1,0,0,0,0,0,0,1,0
691,0,0,0,0,0,0,0,0,1,0,0,0,0,1,0,0,0,0,1,0
692,0,0,0,0,1,0,0,1,0,0,0,0,0,0,0,0,0,1,0,0
693,0,1,0,0,1,0,0,0,0,0,1,0,0,0,0,1,0,0,0,0
694,0,0,0,0,0,1,0,0,0,0,0,0,0,0,0,0,1,1,0,0
695,1,0,0,0,0,0,0,1,0,1,0,0,1,0,1,0,0,0,0,0
696,0,0,0,1,0,1,0,0,0,0,0,0,0,0,0,0,1,0,0,0
697,0,0,1,0,0,0,0,0,0,1,0,0,1,1,0,0,0,0,0,0
698,0,0,0,1,1,0,1,0,1,1,0,0,1,0,0,0,0,1,1,0
699,0,0,0,0,0,0,1,0,1,0,0,0,0,0,0,0,0,0,0,1
700,0,1,0,0,0,0,0,0,1,0,0,0,0,0,1,1,0,0,0,1
701,0,0,0,1,0,0,0,0,1,0,0,0,1,1,0,0,1,1,0,1
702,0,0,0,0,0,0,1,0,0,1,0,1,1,0,1,0,0,0,0,1
703,1,0,0,0,1,0,0,1,0,0,1,0,0,1,0,0,1,0,0,0
704,0,1,1,0,0,1,0,0,1,1,0,0,0,1,0,1,0,0,0,0
705,0,0,1,1,1,0,0,0,0,0,1,1,0,0,0,0,0,0,1,1
706,0,0,0,0,0,1,1,0,0,0,1,0,0,0,1,0,0,1,0,0
707,0,0,0,0,0,0,1,0,1,0,0,0,1,0,0,0,0,1,0,0
708,1,0,1,1,0,0,0,0,0,0,1,0,1,1,1,0,0,0,0,0
709,0,0,0,0,0,1,0,0,1,0,0,0,1,0,1,0,0,1,0,1
710,1,0,1,0,0,0,1,1,0,0,0,0,0,0,0,0,0,1,0,0
711,0,0,1,0,0,0,0,0,1,0,0,0,0,0,0,1,0,0,0,1
712,1,0,0,1,0,0,0,0,0,1,0,0,0,0,1,0,1,0,0,0
713,0,1,0,0,0,1,0,0,0,0,0,1,0,0,0,0,0,0,0,0
714,0,0,0,0,0,1,1,0,0,0,1,0,0,0,1,1,0,0,0,0
715,0,1,0,0,1,0,0,1,0,0,0,0,1,1,0,0,0,1,1,1
716,1,0,1,0,0,0,0,0,0,1,1,0,0,0,0,1,0,0,0,1
717,0,0,1,1,0,0,1,1,0,0,1,0,1,0,1,1,0,0,0,0
718,0,1,0,0,1,0,0,1,0,1,1,0,0,1,0,0,0,1,1,0
719,0,1,0,0,0,1,0,0,0,1,0,0,0,0,0,0,1,1,0,0
720,1,0,0,0,0,0,1,0,0,0,0,0,0,0,0,0,0,0,1,0
721,0,0,0,1,1,0,0,0,0,0,1,1,0,1,0,0,0,0,0,0
722,0,1,1,0,0,1,0,0,0,0,0,0,0,0,0,0,0,0,0,0
723,0,1,1,0,0,0,1,1,0,0,0,1,0,0,0,0,0,0,0,0
724,1,0,0,0,1,0,0,0,0,0,0,0,1,0,1,0,0,0,1,0
725,0,0,1,0,0,0,0,0,0,0,0,0,0,1,0,0,0,0,0,1
726,0,0,0,0,0,0,1,1,0,0,0,0,0,1,0,1,0,0,0,0
727,0,1,1,0,0,1,0,1,0,0,1,0,1,1,0,0,0,0,1,0
728,0,0,1,0,1,0,1,0,1,0,1,1,0,0,0,0,0,0,0,0
729,0,0,0,1,0,0,1,0,0,0,0,0,0,0,1,0,0,0,0,1
730,1,0,0,0,0,1,0,0,1,0,0,1,1,0,0,0,0,0,0,1
731,0,0,0,0,0,1,0,0,1,1,0,0,0,1,0,1,1,0,0,0
732,1,0,0,1,0,0,0,0,1,0,0,1,0,0,0,1,0,1,1,1
733,0,0,0,0,0,0,0,0,0,0,0,0,0,0,1,1,1,0,0,0
734,0,0,0,0,0,0,0,0,0,0,0,0,1,0,1,1,0,0,0,1
735,0,1,1,0,0,0,0,0,0,0,0,0,0,0,1,1,0,0,0,0
736,0,0,0,0,0,0,0,0,0,1,0,1,1,0,1,0,0,0,0,0
737,0,0,0,0,1,1,0,0,0,1,0,1,0,0,0,0,0,0,0,1
738,0,0,0,0,1,0,0,0,1,1,0,0,0,0,0,0,0,0,0,0
739,1,0,0,0,0,0,1,0,1,0,1,0,0,1,0,0,1,0,0,0
740,0,1,1,0,1,0,1,1,0,0,0,0,0,0,1,0,0,0,1,0
741,0,1,0,0,0,0,0,1,0,1,0,0,0,1,0,1,1,1,0,1
742,0,0,0,0,0,0,0,0,0,0,0,0,0,1,0,1,0,1,0,1
743,1,0,0,1,0,0,0,0,0,0,0,0,0,1,0,0,0,0,0,0
744,0,0,1,0,0,0,0,1,0,0,0,0,0,1,0,1,1,0,0,1
745,0,0,0,0,0,0,0,0,1,1,1,0,1,0,1,0,1,0,0,1
746,0,0,0,0,0,0,1,1,0,1,1,1,0,0,1,0,1,0,0,0
747,0,0,0,0,1,1,0,1,0,0,0,0,0,0,0,0,0,1,0,0
748,0,1,0,0,0,0,0,0,1,1,1,0,0,1,0,0,0,1,0,0
749,0,1,0,0,1,0,0,0,0,0,0,0,1,0,1,1,0,0,1,1
750,0,0,0,1,0,0,0,0,1,1,1,1,0,0,1,0,0,0,1,0
751,1,0,0,0,0,0,0,0,0,0,0,1,0,0,1,1,0,0,0,0
752,0,0,0,0,1,0,0,0,1,1,0,1,1,0,0,0,0,1,0,1
753,0,1,0,1,0,1,1,1,0,0,1,0,0,0,1,0,0,1,0,0
754,0,0,0,1,0,1,1,1,0,0,0,1,1,1,0,0,0,0,0,0
755,0,0,1,1,0,0,0,0,0,1,0,1,1,1,0,0,0,1,0,0
756,1,0,1,0,0,1,0,0,1,0,1,0,0,0,1,0,0,1,0,0
757,1,0,0,1,0,0,0,0,1,0,0,0,0,0,1,1,1,1,0,1
758,1,1,0,1,0,0,0,0,0,0,1,1,0,1,1,0,0,0,0,0
759,1,0,0,0,1,0,0,0,0,0,0,0,0,1,0,0,0,1,0,0
760,0,0,0,0,0,0,0,0,0,1,0,0,0,0,1,0,0,1,0,0
761,1,1,0,0,0,0,1,0,0,1,0,0,1,0,0,0,0,0,0,0
762,0,0,0,0,0,0,0,0,0,1,1,0,0,1,0,0,1,1,0,0
763,0,1,0,0,0,0,0,0,1,0,0,1,1,1,0,1,0,0,1,0
764,0,0,0,1,0,0,0,0,0,0,0,0,1,0,1,0,0,1,0,1
765,0,1,0,0,1,0,0,0,1,0,0,1,0,0,0,0,1,0,0,1
766,1,1,1,1,0,0,0,0,0,0,0,0,0,0,1,0,0,0,0,0
767,0,0,0,1,0,1,0,1,0,0,0,0,0,0,0,0,0,0,0,0
768,0,0,1,0,0,0,0,0,0,0,0,0,1,1,0,0,0,1,0,1
769,0,0,1,0,0,1,0,0,0,0,0,0,1,0,0,0,1,0,1,1
770,0,0,1,0,0,0,0,0,0,0,0,1,0,0,0,0,0,1,1,0
771,0,0,0,0,1,1,0,0,0,0,0,0,0,1,0,0,0,0,0,0
772,0,0,0,0,0,1,0,1,1,0,0,0,1,0,0,0,0,0,0,1
773,0,0,0,0,0,1,0,0,0,0,0,1,0,0,1,1,0,0,0,0
774,1,0,0,0,0,0,0,0,0,0,0,0,0,0,0,0,0,0,1,1
775,1,0,0,0,1,0,0,0,0,0,1,1,0,0,0,0,1,1,0,0
776,0,0,0,0,0,0,0,1,1,0,0,0,0,0,0,0,0,0,0,1
777,0,1,0,1,0,1,0,0,1,1,1,0,0,1,0,1,0,0,0,0
778,0,0,0,0,0,1,1,1,0,0,0,0,1,0,1,0,0,1,0,0
779,1,0,1,0,1,0,0,0,0,1,1,1,1,1,0,0,1,0,0,0
780,0,0,1,1,0,1,0,0,0,0,0,0,1,0,0,0,1,0,0,0
781,0,0,1,1,0,0,0,0,0,1,0,1,0,1,0,1,0,0,0,0
782,1,0,0,0,0,1,0,0,0,0,1,0,0,0,0,0,0,0,0,0
783,0,1,0,0,0,1,0,0,1,0,0,0,1,1,1,1,0,1,0,0
784,1,0,0,0,1,0,0,0,0,1,0,1,0,1,1,0,0,0,0,1
785,0,0,0,0,1,0,1,0,0,0,0,1,0,1,0,0,0,0,0,0
786,0,0,0,0,1,0,0,0,1,1,0,1,0,0,0,1,0,0,0,1
787,0,0,0,0,0,0,1,0,0,1,0,0,0,0,0,0,0,0,1,0
788,0,0,0,0,0,0,0,0,0,0,0,0,1,1,0,1,1,0,0,1
789,0,1,0,0,0,0,0,0,1,0,0,0,0,0,0,0,0,0,1,1
790,0,0,0,1,1,0,0,0,0,0,0,1,1,1,1,1,0,0,0,0
791,0,0,0,0,1,1,1,0,0,0,1,0,0,0,0,0,0,1,0,0
792,0,0,0,0,1,0,1,1,0,0,1,0,0,0,0,0,1,0,0,0
793,0,1,0,0,0,0,1,0,0,0,1,1,0,1,1,0,0,1,1,0
794,0,1,0,0,0,1,1,1,1,0,0,0,0,0,0,0,0,0,0,0
795,1,1,0,0,1,0,0,0,1,0,0,0,0,0,0,0,0,0,0,0
796,0,0,1,0,1,0,0,1,0,0,1,0,0,0,1,0,1,0,1,0
797,0,0,0,1,1,0,0,0,0,0,0,0,0,0,0,0,0,1,0,1
798,0,0,0,1,0,0,0,0,0,0,0,1,0,0,0,1,1,0,0,0
799,1,1,0,0,1,0,0,0,1,1,0,0,1,0,0,0,0,1,0,0
800,0,0,1,1,1,0,1,1,0,0,1,0,0,0,0,0,1,0,1,0
801,1,0,0,0,0,0,0,1,0,0,0,0,0,1,0,1,1,1,0,0
802,1,0,0,0,0,0,1,0,1,0,1,1,0,0,0,0,1,1,1,0
803,0,0,0,0,1,1,0,1,1,0,0,0,1,0,0,0,0,0,1,1
804,0,0,0,1,1,1,1,0,1,0,0,0,0,1,0,0,1,0,0,1
805,1,0,0,1,1,0,0,0,0,0,0,0,0,1,0,1,0,0,0,0
806,0,0,1,0,0,1,1,0,0,0,0,1,1,1,0,0,1,1,0,0
807,0,1,0,0,0,0,0,0,0,0,0,1,0,1,0,0,0,0,1,0
808,0,0,1,0,0,0,0,0,1,1,1,1,0,0,0,0,0,0,0,0
809,0,0,0,1,0,0,0,0,0,0,0,0,1,0,0,0,0,0,1,0
810,1,0,1,0,0,0,1,0,1,0,0,0,0,0,1,0,1,0,0,0
811,0,0,0,0,0,1,0,0,1,0,1,0,0,0,1,1,0,0,0,1
812,0,1,0,1,0,0,0,0,1,0,0,0,1,1,0,0,0,1,0,0
813,0,0,0,1,1,1,0,0,0,0,0,0,0,0,0,0,0,0,1,0
814,0,0,1,0,0,1,1,0,1,0,0,0,1,0,0,0,1,0,0,1
815,0,1,0,0,0,1,1,0,0,1,0,1,0,0,1,0,0,0,0,0
816,0,0,1,0,0,1,0,0,1,0,0,0,0,0,0,0,1,0,0,0
817,0,1,0,1,1,1,0,0,1,0,0,0,0,0,0,0,0,1,0,1
818,0,0,0,1,1,0,0,1,0,0,0,0,0,0,0,0,0,1,0,1
819,0,0,0,1,0,0,0,0,1,0,0,0,1,0,0,1,0,0,0,1
820,0,0,0,1,0,0,1,1,0,0,0,0,0,1,0,0,0,0,1,1
821,0,1,0,0,0,0,0,0,1,0,0,1,1,0,0,1,1,0,0,1
822,0,0,0,0,0,0,0,0,0,1,0,1,1,0,0,0,1,0,1,0
823,0,0,1,1,0,0,0,0,1,0,1,0,1,0,1,1,0,1,0,0
824,1,0,0,0,1,0,0,0,0,1,0,0,0,1,0,0,0,1,0,0
825,0,0,0,1,0,1,0,0,0,0,1,1,0,0,0,0,0,0,1,1
826,1,0,0,0,0,1,0,1,0,1,1,0,0,0,0,0,0,1,0,1
827,0,0,1,1,0,1,0,1,0,0,0,0,0,0,0,0,0,0,0,0
828,0,0,0,1,0,1,0,0,0,1,0,0,0,1,0,1,1,0,1,0
829,1,0,0,0,1,0,0,0,0,0,0,1,0,0,0,1,0,0,0,0
830,0,0,0,0,0,0,1,0,0,1,0,1,0,0,0,0,0,0,0,0
831,0,0,0,0,0,0,0,0,0,1,0,0,1,0,1,0,1,0,0,0
832,1,0,0,1,1,0,0,0,1,1,0,0,1,0,0,0,0,1,0,1
833,0,0,1,0,0,0,0,0,0,1,0,0,0,0,0,0,0,0,1,0
834,0,0,0,0,1,0,0,1,1,0,1,0,1,0,0,1,0,1,1,0
835,1,0,0,1,0,0,0,0,1,0,0,0,0,0,0,0,0,0,0,0
836,0,1,1,1,0,0,0,0,0,0,0,1,0,0,0,0,0,1,0,0
837,0,0,0,0,1,1,1,0,1,0,0,0,1,0,0,0,1,1,0,0
838,0,0,0,0,0,1,0,0,1,0,0,0,0,0,1,0,0,0,0,0
839,0,0,1,1,1,0,0,0,0,0,1,0,1,0,1,0,1,0,0,0
840,0,0,1,0,1,0,1,0,0,0,0,0,0,0,0,0,0,0,0,0
841,0,0,1,1,0,0,1,0,0,0,0,0,1,0,0,1,0,0,1,0
842,0,0,0,0,0,1,0,0,0,0,0,0,1,0,0,0,1,0,0,0
843,0,0,0,0,0,0,0,0,1,0,1,0,0,0,0,1,1,0,0,0
844,1,0,0,0,0,0,0,0,0,0,0,1,0,0,0,0,0,0,0,1
845,1,0,0,0,0,1,0,0,1,1,0,1,0,0,0,0,1,0,1,1
846,1,0,0,1,1,1,0,0,0,1,0,0,0,0,1,0,0,0,0,1
847,0,1,0,0,0,0,0,0,0,0,1,0,0,0,0,1,0,0,0,1
848,0,0,0,0,1,0,0,0,0,0,0,0,0,0,1,0,0,0,1,0
849,0,0,0,0,0,0,0,0,0,1,0,1,0,0,0,0,1,1,0,0
850,0,1,0,1,0,1,0,1,1,0,0,0,0,0,1,1,0,0,0,1
851,0,0,0,0,0,1,1,1,0,0,0,0,0,0,0,0,0,0,1,0
852,0,1,0,1,0,0,0,0,0,0,0,0,1,1,0,0,1,1,1,0
853,1,0,0,0,0,0,0,0,0,0,0,1,0,1,0,0,0,0,0,0
854,1,0,1,1,1,0,0,0,1,0,0,1,0,0,1,0,0,1,0,0
855,0,1,0,0,1,0,1,0,0,0,0,0,0,1,1,0,0,0,1,0
856,1,1,1,1,0,1,0,0,0,1,0,0,0,0,1,0,0,0,0,1
857,0,0,0,0,0,0,0,0,0,0,0,1,1,1,0,0,0,1,0,1
858,0,1,0,0,0,0,0,1,0,1,0,0,1,0,0,0,0,0,1,0
859,0,0,1,0,0,0,1,0,0,0,0,0,0,0,0,0,0,0,1,0
860,0,0,0,0,0,0,0,1,0,0,0,0,1,0,0,0,1,0,0,0
861,0,0,0,0,0,0,0,1,1,0,0,0,1,1,1,0,1,0,0,0
862,0,0,1,1,0,0,1,0,0,0,0,1,0,0,0,0,0,0,1,0
863,0,1,0,0,0,0,0,0,0,0,0,0,0,0,0,1,0,0,1,0
864,1,0,0,0,0,1,0,0,0,1,0,1,0,0,0,1,0,1,1,0
865,0,0,0,0,1,0,1,1,1,0,1,0,1,0,1,0,0,0,1,0
866,0,0,0,1,1,0,1,0,1,0,1,0,0,0,1,0,0,0,0,1
867,0,1,0,0,0,0,0,0,0,0,0,1,0,0,0,1,0,1,0,1
868,0,0,1,0,0,0,1,1,0,0,1,0,0,1,0,1,0,1,1,0
869,0,0,0,0,0,0,0,0,0,0,0,1,0,0,0,1,1,1,1,0
870,0,0,0,0,0,0,0,1,0,0,0,0,0,0,0,0,1,0,0,1
871,1,1,1,0,1,1,0,0,0,0,0,0,0,0,0,0,0,1,1,1
872,0,0,0,1,1,1,0,0,0,1,1,0,0,0,0,0,0,0,1,0
873,0,0,0,0,1,0,0,1,0,0,0,0,0,0,0,1,0,0,1,1
874,0,1,0,0,1,0,1,0,1,0,0,0,1,0,1,1,1,0,0,0
875,0,0,0,1,1,1,0,0,1,0,0,0,1,0,0,0,0,1,0,1
876,1,0,0,0,0,0,0,0,0,0,0,0,1,0,1,0,0,0,0,0
877,0,0,0,0,0,0,0,0,1,1,1,0,0,0,0,0,0,0,0,0
878,1,0,1,0,0,0,0,0,1,0,1,0,0,0,0,1,0,0,0,0
879,1,0,0,0,0,0,1,0,0,1,0,0,0,0,1,0,1,0,0,1
880,0,0,0,0,0,1,0,0,0,1,1,0,0,0,0,0,1,0,0,0
881,0,1,0,0,0,0,0,0,0,0,0,0,0,1,0,1,0,0,0,1
882,0,1,0,1,0,1,0,0,1,0,1,1,0,0,1,0,0,0,0,0
883,0,1,0,0,1,0,1,0,1,0,0,0,1,1,1,0,0,0,0,0
884,0,0,0,1,1,0,0,1,1,1,0,0,1,0,0,1,0,0,1,0
885,1,1,1,1,0,0,0,0,0,1,1,1,0,1,0,0,0,0,0,0
886,0,1,0,0,0,0,0,0,0,0,0,1,0,0,1,0,0,0,0,0
887,1,1,0,0,0,0,0,0,0,0,1,0,0,0,0,0,0,0,1,0
888,1,0,0,0,0,0,0,0,0,1,0,1,0,0,1,0,0,0,0,1
889,0,0,1,0,1,0,0,1,0,1,0,1,1,0,0,1,0,0,1,0
890,0,0,1,0,0,0,0,1,0,0,0,0,0,1,1,0,1,0,0,1
891,1,1,0,1,1,0,0,0,0,0,1,1,1,0,0,0,0,0,0,0
892,0,0,0,0,0,1,1,0,0,0,0,0,0,0,0,0,1,1,0,0
893,0,0,0,1,0,0,1,0,1,0,0,1,1,0,0,0,0,0,0,0
894,0,1,0,1,1,0,1,0,1,1,0,0,1,0,0,0,0,1,0,0
895,0,0,0,1,0,0,0,1,0,1,1,0,0,0,0,1,0,0,1,0
896,1,0,1,0,0,0,0,1,0,0,0,1,1,0,0,0,0,0,0,0
897,0,0,0,1,0,1,0,0,0,0,0,0,1,0,0,0,1,0,0,0
898,0,1,0,1,1,0,0,1,0,0,1,0,0,1,0,0,0,0,0,0
899,0,0,1,0,0,1,0,0,1,0,0,0,0,0,0,0,0,1,0,0
900,0,0,0,0,0,0,0,0,0,0,0,0,1,1,1,0,0,1,1,0
901,1,0,0,0,1,0,0,1,1,0,0,1,0,1,0,0,1,0,0,1
902,0,1,0,0,1,0,0,0,0,0,0,0,0,1,0,0,0,0,1,0
903,0,0,0,0,1,0,1,0,0,0,0,0,0,0,0,0,1,0,1,0
904,0,1,0,0,0,0,0,1,0,0,0,1,0,0,0,0,0,0,0,0
905,0,1,0,0,0,0,0,0,1,0,0,1,1,0,0,0,1,1,1,0
906,1,0,1,0,0,0,0,1,0,0,0,0,0,1,1,1,0,0,0,0
907,1,0,0,1,0,0,0,0,0,0,0,0,0,0,0,0,0,1,0,1
908,0,1,0,0,1,0,0,0,0,0,0,0,0,0,0,1,0,0,0,0
909,0,0,0,1,0,1,1,0,0,0,0,0,0,0,0,0,0,1,0,1
910,0,0,0,0,0,0,0,0,1,0,0,0,1,0,0,0,1,1,0,0
911,0,0,0,0,0,1,0,0,0,1,0,0,0,0,0,0,1,0,0,0
912,0,0,0,0,1,0,0,0,1,0,1,1,0,0,0,0,0,0,1,0
913,0,1,0,0,1,0,0,1,0,0,1,1,1,0,0,0,0,0,1,1
914,0,0,0,0,1,0,0,0,0,0,0,0,0,1,0,1,0,0,0,0
915,0,0,0,0,1,0,0,0,1,0,0,0,1,1,0,1,0,1,0,0
916,1,0,0,0,1,1,0,0,0,0,0,0,0,0,0,1,0,0,0,1
917,0,0,0,1,1,0,1,0,0,1,0,0,0,1,0,0,0,0,0,1
918,0,0,0,0,1,0,0,0,1,1,0,1,1,1,1,1,0,0,0,0
919,1,1,1,1,1,0,0,0,0,0,0,0,0,1,0,0,1,0,1,0
920,1,1,0,0,1,0,0,1,0,0,0,0,0,0,1,0,0,0,0,1
921,0,0,0,0,1,0,0,0,0,0,1,1,1,1,1,0,0,0,0,0
922,0,0,0,0,0,0,0,1,0,0,1,0,0,1,0,1,0,0,0,0
923,1,0,1,0,0,1,0,0,0,0,0,1,1,0,1,1,0,1,0,0
924,0,0,1,1,0,0,1,0,0,0,1,1,1,1,0,0,0,1,0,0
925,0,1,0,0,1,1,0,0,0,0,0,0,0,0,1,0,0,0,1,1
926,0,0,0,1,0,0,0,0,0,1,0,0,0,0,1,0,0,0,0,0
927,0,1,0,0,0,1,0,1,0,1,0,0,0,0,0,1,0,0,0,0
928,0,0,0,1,1,0,0,1,0,0,0,1,1,1,0,0,0,1,0,1
929,1,0,1,1,1,0,0,1,1,0,0,0,0,0,0,0,0,0,0,0
930,0,0,0,0,0,0,0,1,1,1,0,0,0,0,0,1,0,1,0,0
931,1,0,1,0,0,0,0,0,0,0,0,0,0,0,0,1,1,1,0,0
932,0,0,0,0,0,0,0,0,0,1,0,1,1,0,0,0,0,0,0,0
933,0,0,0,0,0,0,0,0,0,0,0,1,1,0,1,0,0,1,0,1
934,1,0,1,0,0,1,0,1,1,0,0,0,0,0,0,0,0,0,0,0
935,0,0,1,0,0,1,1,0,0,1,1,0,0,1,0,0,1,0,0,0
936,0,1,0,1,0,1,0,0,0,1,1,0,0,0,1,1,0,0,0,0
937,1,0,0,0,0,0,0,1,0,1,0,0,0,0,1,0,0,1,0,0
938,0,0,0,1,0,1,0,0,0,1,0,0,0,0,1,0,1,0,0,0
939,0,1,0,0,0,0,0,1,0,0,0,0,0,1,0,0,0,1,0,0
940,0,0,0,0,0,0,0,1,0,0,0,0,0,1,1,1,1,0,1,0
941,1,0,0,1,0,1,0,0,1,0,0,1,0,0,1,0,0,0,0,0
942,0,0,1,1,0,0,0,0,0,0,0,1,0,1,0,1,0,1,0,0
943,0,0,0,0,1,0,0,1,0,1,0,0,1,0,0,0,0,0,0,0
944,0,0,1,1,1,0,0,0,0,0,0,0,0,0,0,0,0,0,0,0
945,0,1,0,0,1,0,0,0,0,1,1,0,0,0,0,0,0,1,1,0
946,1,1,1,0,0,0,0,0,0,0,0,0,1,0,0,0,1,0,0,0
947,1,0,1,0,0,0,0,1,0,0,0,0,0,0,0,1,1,0,0,0
948,0,1,0,0,0,0,0,0,0,1,0,0,0,1,0,0,0,0,0,1
949,0,1,0,0,0,0,0,0,0,0,0,0,1,0,0,0,0,0,0,1
950,1,1,0,0,0,0,0,0,0,1,0,0,0,1,0,0,0,0,0,0
951,0,1,0,0,1,0,0,0,0,0,0,0,0,0,0,0,1,0,1,1
952,0,1,1,0,0,0,1,0,0,0,0,0,0,0,0,0,0,1,0,0
953,0,1,1,0,1,1,1,0,0,0,0,1,0,0,0,0,0,0,1,0
954,1,0,0,0,0,0,0,1,1,0,1,0,0,1,0,0,0,1,0,0
955,1,0,0,0,0,0,0,0,1,0,0,1,0,1,0,1,1,1,1,0
956,1,0,0,1,0,0,0,1,0,0,0,1,1,1,0,0,0,1,0,1
957,1,1,0,1,0,0,1,0,0,0,0,0,0,1,1,0,0,0,1,0
958,1,0,0,1,0,0,0,0,0,0,1,1,1,0,1,0,0,0,0,0
959,0,1,1,1,1,1,0,1,0,1,1,0,0,0,0,0,0,0,0,0
960,1,0,0,0,1,0,0,0,0,0,0,1,0,0,0,0,0,0,1,0
961,0,0,0,0,0,1,0,1,0,0,0,0,1,0,1,0,0,1,0,0
962,0,1,1,0,1,0,0,1,0,1,1,0,0,0,1,0,0,0,1,0
963,1,0,0,0,1,0,1,1,0,0,1,0,0,0,0,0,0,0,0,0
964,1,1,0,0,0,0,0,0,0,0,0,0,0,1,0,0,0,1,0,0
965,0,0,0,1,0,1,0,0,0,0,0,0,0,0,0,0,0,0,0,1
966,0,0,1,0,0,0,0,0,0,0,1,0,0,0,0,0,0,1,0,0
967,1,0,1,0,0,0,0,0,0,0,1,0,1,0,1,0,0,0,1,1
968,0,1,0,0,0,0,0,0,1,0,0,1,0,0,1,0,0,0,0,0
969,0,0,0,1,0,0,0,0,0,1,0,0,1,0,1,0,0,0,0,0
970,0,1,0,0,0,0,0,1,0,1,1,0,0,1,1,0,0,0,0,0
971,0,0,0,0,0,1,0,0,0,1,0,1,0,0,0,1,0,1,0,0
972,0,0,0,1,0,0,1,0,0,0,0,0,1,1,0,0,0,1,0,0
973,0,0,0,0,0,1,0,0,0,0,0,1,0,0,1,1,0,0,0,0
974,0,0,0,0,0,0,0,1,0,0,0,0,1,0,0,0,1,0,0,0
975,1,0,0,0,1,1,0,0,0,0,0,1,0,1,1,0,0,1,1,0
976,1,1,1,1,0,0,0,1,0,0,1,0,0,0,0,0,0,0,0,0
977,0,0,0,0,0,0,0,1,1,0,0,1,0,0,1,0,1,0,0,1
978,0,0,0,0,0,1,0,1,0,0,1,1,0,0,0,1,1,0,1,0
979,0,0,0,0,0,1,0,1,0,0,0,0,0,0,0,0,1,1,0,0
980,0,1,0,0,0,1,0,0,0,0,1,0,0,1,1,0,1,1,0,1
981,1,0,1,0,0,1,1,0,0,0,0,1,0,1,0,1,0,0,0,0
982,0,0,0,0,0,1,1,0,0,0,0,0,0,0,1,0,1,0,1,0
983,0,0,0,1,0,0,0,1,1,0,1,0,0,1,0,0,0,0,1,0
984,0,0,0,0,0,0,0,0,0,1,0,1,0,0,0,0,1,1,0,1
985,0,0,0,1,1,0,0,0,0,0,0,0,0,0,1,0,0,0,1,1
986,1,0,1,1,1,1,0,0,0,0,0,0,0,1,0,1,0,0,1,0
987,1,0,0,1,0,0,0,0,0,0,0,1,0,0,1,1,0,0,0,0
988,1,0,1,0,0,0,0,0,0,1,0,0,1,0,0,1,1,0,1,0
989,0,0,0,0,0,0,1,1,0,0,1,1,0,0,1,0,0,1,1,0
990,0,0,1,0,0,0,1,0,1,1,0,0,1,0,1,0,0,0,0,0
991,0,0,0,0,0,1,0,0,0,0,0,1,0,0,0,0,1,0,0,0
992,0,0,0,0,1,0,0,0,0,0,0,0,1,0,0,0,0,1,0,0
993,0,0,0,1,0,1,0,0,0,1,0,1,0,1,1,0,0,0,1,1
994,0,0,0,0,1,0,0,0,0,0,0,1,0,0,1,0,0,0,1,0
995,0,0,0,1,0,0,0,1,1,0,0,0,0,1,1,0,0,0,0,0
996,0,0,0,1,1,0,0,0,1,0,0,1,0,1,0,1,0,0,1,0
997,0,1,1,0,0,0,0,1,0,0,1,0,0,0,0,0,1,1,0,0
998,0,0,1,0,0,0,1,1,0,1,0,0,0,0,0,0,0,0,1,0
999,0,0,0,0,0,0,1,0,0,0,1,0,0,0,1,0,0,0,0,0
1000,0,0,0,0,0,0,0,1,0,0,0,0,0,0,1,0,0,1,1,0
